{"cameraMode":{"drawMode":2,"name":"Shaded Wireframe","section":"Shading Mode"},"sceneLighting":true,"audioPlay":false,"sceneViewState":{"showFog":true,"showMaterialUpdate":false,"showSkybox":true,"showFlares":true,"showImageEffects":true,"showParticleSystems":true},"in2DMode":false,"pivot":{"x":-0.06353759765625,"y":0.778076171875,"z":-0.107177734375},"rotation":{"x":-0.01298887375742197,"y":0.9844066500663757,"z":-0.1548253744840622,"w":-0.08259176462888718},"size":2.349280834197998,"orthographic":true}