{"cameraMode":{"drawMode":2,"name":"Shaded Wireframe","section":"Shading Mode"},"sceneLighting":true,"audioPlay":false,"sceneViewState":{"showFog":true,"showMaterialUpdate":false,"showSkybox":true,"showFlares":true,"showImageEffects":true,"showParticleSystems":true},"in2DMode":false,"pivot":{"x":2.509999990463257,"y":0.5,"z":1.8499999046325684},"rotation":{"x":0.20499417185783387,"y":-0.7946257591247559,"z":0.41763609647750857,"w":0.39003756642341616},"size":6.8796162605285648,"orthographic":true}