{"cameraMode":{"drawMode":0,"name":"Shaded","section":"Shading Mode"},"sceneLighting":true,"audioPlay":false,"sceneViewState":{"showFog":true,"showMaterialUpdate":false,"showSkybox":true,"showFlares":true,"showImageEffects":true,"showParticleSystems":true},"in2DMode":false,"pivot":{"x":-0.050716400146484378,"y":0.8388671875,"z":0.55078125},"rotation":{"x":-0.060166750103235248,"y":-0.8845039010047913,"z":0.44707468152046206,"w":-0.11904922127723694},"size":3.50762677192688,"orthographic":true}