{"cameraMode":{"drawMode":0,"name":"Shaded","section":"Shading Mode"},"sceneLighting":true,"audioPlay":false,"sceneViewState":{"showFog":true,"showMaterialUpdate":false,"showSkybox":true,"showFlares":true,"showImageEffects":true,"showParticleSystems":true},"in2DMode":false,"pivot":{"x":-0.050716400146484378,"y":0.8388671875,"z":0.55078125},"rotation":{"x":-0.1819799244403839,"y":0.002941190032288432,"z":-0.0005438677617348731,"w":-0.9833019971847534},"size":1.7583850622177125,"orthographic":true}