{"cameraMode":{"drawMode":2,"name":"Shaded Wireframe","section":"Shading Mode"},"sceneLighting":true,"audioPlay":false,"sceneViewState":{"showFog":true,"showMaterialUpdate":false,"showSkybox":true,"showFlares":true,"showImageEffects":true,"showParticleSystems":true},"in2DMode":false,"pivot":{"x":-0.063720703125,"y":0.22308349609375,"z":0.2490234375},"rotation":{"x":-0.009058632887899876,"y":-0.9829784035682678,"z":0.17673347890377046,"w":-0.04986649751663208},"size":1.8615326881408692,"orthographic":true}