{"cameraMode":{"drawMode":0,"name":"Shaded","section":"Shading Mode"},"sceneLighting":true,"audioPlay":false,"sceneViewState":{"showFog":true,"showMaterialUpdate":false,"showSkybox":true,"showFlares":true,"showImageEffects":true,"showParticleSystems":true},"in2DMode":false,"pivot":{"x":-0.45220947265625,"y":0.8858642578125,"z":1.10009765625},"rotation":{"x":-0.005351114086806774,"y":-0.9877142906188965,"z":0.15231013298034669,"w":-0.03468455374240875},"size":2.5251009464263918,"orthographic":true}