{"cameraMode":{"drawMode":0,"name":"Shaded","section":"Shading Mode"},"sceneLighting":true,"audioPlay":false,"sceneViewState":{"showFog":true,"showMaterialUpdate":false,"showSkybox":true,"showFlares":true,"showImageEffects":true,"showParticleSystems":true},"in2DMode":false,"pivot":{"x":-1.209228515625,"y":1.625244140625,"z":0.730224609375},"rotation":{"x":0.2778976857662201,"y":-0.7144619226455689,"z":0.38787785172462466,"w":0.5117782354354858},"size":3.4992337226867677,"orthographic":true}