{"cameraMode":{"drawMode":0,"name":"Shaded","section":"Shading Mode"},"sceneLighting":true,"audioPlay":false,"sceneViewState":{"showFog":true,"showMaterialUpdate":false,"showSkybox":true,"showFlares":true,"showImageEffects":true,"showParticleSystems":true},"in2DMode":false,"pivot":{"x":-1.083740234375,"y":3.24853515625,"z":0.37841796875},"rotation":{"x":0.6071319580078125,"y":-0.12998077273368836,"z":0.10137829184532166,"w":0.7774234414100647},"size":4.080633163452148,"orthographic":true}