{"cameraMode":{"drawMode":0,"name":"Shaded","section":"Shading Mode"},"sceneLighting":true,"audioPlay":false,"sceneViewState":{"showFog":true,"showMaterialUpdate":false,"showSkybox":true,"showFlares":true,"showImageEffects":true,"showParticleSystems":true},"in2DMode":false,"pivot":{"x":-1.365966796875,"y":1.08935546875,"z":1.2611083984375},"rotation":{"x":-0.3993755877017975,"y":0.4635322690010071,"z":-0.24635227024555207,"w":-0.7517187595367432},"size":1.9296255111694337,"orthographic":true}