{"cameraMode":{"drawMode":0,"name":"Shaded","section":"Shading Mode"},"sceneLighting":true,"audioPlay":false,"sceneViewState":{"showFog":true,"showMaterialUpdate":false,"showSkybox":true,"showFlares":true,"showImageEffects":true,"showParticleSystems":true},"in2DMode":false,"pivot":{"x":-1.02496337890625,"y":2.49029541015625,"z":0.33868408203125},"rotation":{"x":-0.3999345600605011,"y":-0.3007300794124603,"z":0.1413191258907318,"w":-0.854296863079071},"size":1.8494526147842408,"orthographic":true}