{"cameraMode":{"drawMode":2,"name":"Shaded Wireframe","section":"Shading Mode"},"sceneLighting":true,"audioPlay":false,"sceneViewState":{"showFog":true,"showMaterialUpdate":false,"showSkybox":true,"showFlares":true,"showImageEffects":true,"showParticleSystems":true},"in2DMode":false,"pivot":{"x":-0.5115966796875,"y":1.42913818359375,"z":0.17828369140625},"rotation":{"x":0.019766945391893388,"y":-0.9752419590950012,"z":0.09775547683238983,"w":0.19748815894126893},"size":2.290426731109619,"orthographic":true}