{"cameraMode":{"drawMode":0,"name":"Shaded","section":"Shading Mode"},"sceneLighting":true,"audioPlay":false,"sceneViewState":{"showFog":true,"showMaterialUpdate":false,"showSkybox":true,"showFlares":true,"showImageEffects":true,"showParticleSystems":true},"in2DMode":false,"pivot":{"x":0.0003339909017086029,"y":0.2946000099182129,"z":0.537632405757904},"rotation":{"x":0.07195159047842026,"y":-0.9036871194839478,"z":0.388840913772583,"w":0.1649109423160553},"size":1.4728885889053345,"orthographic":true}