{"cameraMode":{"drawMode":2,"name":"Shaded Wireframe","section":"Shading Mode"},"sceneLighting":true,"audioPlay":false,"sceneViewState":{"showFog":true,"showMaterialUpdate":false,"showSkybox":true,"showFlares":true,"showImageEffects":true,"showParticleSystems":true},"in2DMode":false,"pivot":{"x":-0.64300537109375,"y":1.8167190551757813,"z":-0.0826416015625},"rotation":{"x":-0.01477607898414135,"y":0.981741189956665,"z":-0.169529989361763,"w":-0.08532731235027313},"size":0.7433454394340515,"orthographic":true}