{"cameraMode":{"drawMode":2,"name":"Shaded Wireframe","section":"Shading Mode"},"sceneLighting":true,"audioPlay":false,"sceneViewState":{"showFog":true,"showMaterialUpdate":false,"showSkybox":true,"showFlares":true,"showImageEffects":true,"showParticleSystems":true},"in2DMode":false,"pivot":{"x":0.6461098790168762,"y":0.896569013595581,"z":-0.06535875797271729},"rotation":{"x":-0.1637127548456192,"y":-0.09985001385211945,"z":0.016658691689372064,"w":-0.9813034534454346},"size":2.282968044281006,"orthographic":false}